id,date,solution_word
1116,2024-07-09,blare
1115,2024-07-08,shape
1114,2024-07-07,canon
1113,2024-07-06,scoff
1112,2024-07-05,crush
1111,2024-07-04,debut
1110,2024-07-03,thigh
1109,2024-07-02,inlay
1108,2024-07-01,adage
1107,2024-06-30,buddy
1106,2024-06-29,zebra
1105,2024-06-28,drove
1104,2024-06-27,order
1103,2024-06-26,knead
1102,2024-06-25,savor
1101,2024-06-24,dolly
1100,2024-06-23,bugle
1099,2024-06-22,edict
1098,2024-06-21,paint
1097,2024-06-20,scent
1096,2024-06-19,terse
1095,2024-06-18,cover
1094,2024-06-17,prior
1093,2024-06-16,grind
1092,2024-06-15,proud
1091,2024-06-14,vault
1090,2024-06-13,angst
1089,2024-06-12,deter
1088,2024-06-11,swung
1087,2024-06-10,manga
1086,2024-06-09,crowd
1085,2024-06-08,hence
1084,2024-06-07,melon
1083,2024-06-06,ether
1082,2024-06-05,organ
1081,2024-06-04,groom
1080,2024-06-03,stark
1079,2024-06-02,bravo
1078,2024-06-01,basin
1077,2024-05-31,chaos
1076,2024-05-30,gummy
1075,2024-05-29,papal
1074,2024-05-28,minus
1073,2024-05-27,skier
1072,2024-05-26,bevel
1071,2024-05-25,titan
1070,2024-05-24,glide
1069,2024-05-23,swish
1068,2024-05-22,exalt
1067,2024-05-21,dingo
1066,2024-05-20,nicer
1065,2024-05-19,hitch
1064,2024-05-18,briny
1063,2024-05-17,tutor
1062,2024-05-16,stall
1061,2024-05-15,pinch
1060,2024-05-14,amass
1059,2024-05-13,cumin
1058,2024-05-12,outer
1057,2024-05-11,tidal
1056,2024-05-10,media
1055,2024-05-09,jerky
1054,2024-05-08,pious
1053,2024-05-07,musty
1052,2024-05-06,shave
1051,2024-05-05,decal
1050,2024-05-04,value
1049,2024-05-03,ebony
1048,2024-05-02,slice
1047,2024-05-01,diary
1046,2024-04-30,prowl
1045,2024-04-29,craft
1044,2024-04-28,prune
1043,2024-04-27,gleam
1042,2024-04-26,vapid
1041,2024-04-25,intro
1040,2024-04-24,overt
1039,2024-04-23,rover
1038,2024-04-22,laser
1037,2024-04-21,jolly
1036,2024-04-20,lucid
1035,2024-04-19,raise
1034,2024-04-18,facet
1033,2024-04-17,tithe
1032,2024-04-16,shank
1031,2024-04-15,equip
1030,2024-04-14,blimp
1029,2024-04-13,steel
1028,2024-04-12,whiny
1027,2024-04-11,louse
1026,2024-04-10,broth
1025,2024-04-09,merge
1024,2024-04-08,breed
1023,2024-04-07,voila
1022,2024-04-06,finch
1021,2024-04-05,wrist
1020,2024-04-04,climb
1019,2024-04-03,plait
1018,2024-04-02,serum
1017,2024-04-01,frond
1016,2024-03-31,taboo
1015,2024-03-30,force
1014,2024-03-29,realm
1013,2024-03-28,speak
1012,2024-03-27,stung
1011,2024-03-26,mayor
1010,2024-03-25,sally
1009,2024-03-24,towel
1008,2024-03-23,risen
1007,2024-03-22,decay
1006,2024-03-21,shade
1005,2024-03-20,lingo
1004,2024-03-19,abide
1003,2024-03-18,spelt
1002,2024-03-17,snort
1001,2024-03-16,toxin
1000,2024-03-15,erupt
999,2024-03-14,since
998,2024-03-13,local
997,2024-03-12,heave
996,2024-03-11,pesky
995,2024-03-10,grasp
994,2024-03-09,cheer
993,2024-03-08,early
992,2024-03-07,clone
991,2024-03-06,teary
990,2024-03-05,hunch
989,2024-03-04,flame
988,2024-03-03,state
987,2024-03-02,urban
986,2024-03-01,forty
985,2024-02-29,image
984,2024-02-28,devil
983,2024-02-27,sense
982,2024-02-26,often
981,2024-02-25,smith
980,2024-02-24,piper
979,2024-02-23,apart
978,2024-02-22,heavy
977,2024-02-21,build
976,2024-02-20,match
975,2024-02-19,price
974,2024-02-18,ridge
973,2024-02-17,psalm
972,2024-02-16,stash
971,2024-02-15,ascot
970,2024-02-14,talon
969,2024-02-13,scram
968,2024-02-12,pasta
967,2024-02-11,never
966,2024-02-10,fried
965,2024-02-09,stiff
964,2024-02-08,place
963,2024-02-07,after
962,2024-02-06,which
961,2024-02-05,repel
960,2024-02-04,verge
959,2024-02-03,micro
958,2024-02-02,cleft
957,2024-02-01,alive
956,2024-01-31,bulky
955,2024-01-30,expel
954,2024-01-29,leggy
953,2024-01-28,ember
952,2024-01-27,snake
951,2024-01-26,aloof
950,2024-01-25,block
949,2024-01-24,relic
948,2024-01-23,still
947,2024-01-22,tweak
946,2024-01-21,north
945,2024-01-20,large
944,2024-01-19,thing
943,2024-01-18,stole
942,2024-01-17,court
941,2024-01-16,blond
940,2024-01-15,lunch
939,2024-01-14,doing
938,2024-01-13,heard
937,2024-01-12,route
936,2024-01-11,brief
935,2024-01-10,threw
934,2024-01-09,liner
933,2024-01-08,final
932,2024-01-07,stony
931,2024-01-06,cable
930,2024-01-05,lunge
929,2024-01-04,scant
928,2024-01-03,twirl
927,2024-01-02,aging
926,2024-01-01,mural
925,2023-12-31,salty
924,2023-12-30,three
923,2023-12-29,child
922,2023-12-28,learn
921,2023-12-27,daisy
920,2023-12-26,phone
919,2023-12-25,evoke
918,2023-12-24,grace
917,2023-12-23,slope
916,2023-12-22,touch
915,2023-12-21,built
914,2023-12-20,small
913,2023-12-19,table
912,2023-12-18,funny
911,2023-12-17,bacon
910,2023-12-16,globe
909,2023-12-15,topic
908,2023-12-14,would
907,2023-12-13,spent
906,2023-12-12,these
905,2023-12-11,house
904,2023-12-10,chain
903,2023-12-09,shift
902,2023-12-08,sharp
901,2023-12-07,sleep
900,2023-12-06,woman
899,2023-12-05,young
898,2023-12-04,worst
897,2023-12-03,adapt
896,2023-12-02,genre
895,2023-12-01,taken
894,2023-11-30,resin
893,2023-11-29,sushi
892,2023-11-28,scope
891,2023-11-27,tawny
890,2023-11-26,solid
889,2023-11-25,guide
888,2023-11-24,throw
887,2023-11-23,queen
886,2023-11-22,pixel
885,2023-11-21,piano
884,2023-11-20,candy
883,2023-11-19,queue
882,2023-11-18,think
881,2023-11-17,tardy
880,2023-11-16,trust
879,2023-11-15,sight
878,2023-11-14,sassy
877,2023-11-13,green
876,2023-11-12,meant
875,2023-11-11,actor
874,2023-11-10,leash
873,2023-11-09,glaze
872,2023-11-08,ninja
871,2023-11-07,limit
870,2023-11-06,trade
869,2023-11-05,flare
868,2023-11-04,mania
867,2023-11-03,ardor
866,2023-11-02,until
865,2023-11-01,noise
864,2023-10-31,bleak
863,2023-10-30,grail
862,2023-10-29,phony
861,2023-10-28,mason
860,2023-10-27,noble
859,2023-10-26,pique
858,2023-10-25,retry
857,2023-10-24,cause
856,2023-10-23,tempo
855,2023-10-22,given
854,2023-10-21,smirk
853,2023-10-20,occur
852,2023-10-19,splat
851,2023-10-18,mercy
850,2023-10-17,adult
849,2023-10-16,graph
848,2023-10-15,leaky
847,2023-10-14,agent
846,2023-10-13,uncle
845,2023-10-12,knelt
844,2023-10-11,skunk
843,2023-10-10,snail
842,2023-10-09,truth
841,2023-10-08,binge
840,2023-10-07,viola
839,2023-10-06,chime
838,2023-10-05,bunch
837,2023-10-04,spurt
836,2023-10-03,while
835,2023-10-02,merry
834,2023-10-01,beret
833,2023-09-30,daddy
832,2023-09-29,azure
831,2023-09-28,coach
830,2023-09-27,smile
829,2023-09-26,loyal
828,2023-09-25,rocky
827,2023-09-24,right
826,2023-09-23,carol
825,2023-09-22,brush
824,2023-09-21,stone
823,2023-09-20,snare
822,2023-09-19,close
821,2023-09-18,frank
820,2023-09-17,music
819,2023-09-16,angel
818,2023-09-15,exert
817,2023-09-14,rayon
816,2023-09-13,clear
815,2023-09-12,whisk
814,2023-09-11,older
813,2023-09-10,quote
812,2023-09-09,lucky
811,2023-09-08,rouse
810,2023-09-07,dwell
809,2023-09-06,gnash
808,2023-09-05,birch
807,2023-09-04,giddy
806,2023-09-03,await
805,2023-09-02,onion
804,2023-09-01,space
803,2023-08-31,bride
802,2023-08-30,audio
801,2023-08-29,caper
800,2023-08-28,write
799,2023-08-27,peace
798,2023-08-26,choir
797,2023-08-25,ocean
796,2023-08-24,wordy
795,2023-08-23,verve
794,2023-08-22,spice
793,2023-08-21,beach
792,2023-08-20,quest
791,2023-08-19,magma
790,2023-08-18,exact
789,2023-08-17,amiss
788,2023-08-16,scrub
787,2023-08-15,index
786,2023-08-14,snaky
785,2023-08-13,wrath
784,2023-08-12,quick
783,2023-08-11,hello
782,2023-08-10,empty
781,2023-08-09,lover
780,2023-08-08,bully
779,2023-08-07,brook
778,2023-08-06,polyp
777,2023-08-05,anode
776,2023-08-04,chart
775,2023-08-03,party
774,2023-08-02,beget
773,2023-08-01,tenth
772,2023-07-31,style
771,2023-07-30,bathe
770,2023-07-29,curly
769,2023-07-28,ethos
768,2023-07-27,disco
767,2023-07-26,heart
766,2023-07-25,wheel
765,2023-07-24,hobby
764,2023-07-23,whale
763,2023-07-22,froze
762,2023-07-21,burly
761,2023-07-20,flank
760,2023-07-19,tonic
759,2023-07-18,flyer
758,2023-07-17,droop
757,2023-07-16,topaz
756,2023-07-15,crone
755,2023-07-14,fiend
754,2023-07-13,barge
753,2023-07-12,whirl
752,2023-07-11,earth
751,2023-07-10,folly
750,2023-07-09,enter
749,2023-07-08,cower
748,2023-07-07,donut
747,2023-07-06,windy
746,2023-07-05,venom
745,2023-07-04,irate
744,2023-07-03,hotel
743,2023-07-02,mossy
742,2023-07-01,bleep
741,2023-06-30,straw
740,2023-06-29,diner
739,2023-06-28,tract
738,2023-06-27,about
737,2023-06-26,guest
736,2023-06-25,rodeo
735,2023-06-24,grand
734,2023-06-23,covet
733,2023-06-22,taste
732,2023-06-21,crane
731,2023-06-20,frost
730,2023-06-19,kazoo
729,2023-06-18,shyly
728,2023-06-17,ranch
727,2023-06-16,strap
726,2023-06-15,maybe
725,2023-06-14,crime
724,2023-06-13,plunk
723,2023-06-12,wrong
722,2023-06-11,guard
721,2023-06-10,again
720,2023-06-09,balsa
719,2023-06-08,crumb
718,2023-06-07,hater
717,2023-06-06,scout
716,2023-06-05,ennui
715,2023-06-04,beast
714,2023-06-03,nanny
713,2023-06-02,humid
712,2023-06-01,jazzy
711,2023-05-31,agile
710,2023-05-30,kneel
709,2023-05-29,mouse
708,2023-05-28,skimp
707,2023-05-27,ramen
706,2023-05-26,swine
705,2023-05-25,bagel
704,2023-05-24,utter
703,2023-05-23,clerk
702,2023-05-22,igloo
701,2023-05-21,brash
700,2023-05-20,flask
699,2023-05-19,grief
698,2023-05-18,shorn
697,2023-05-17,plank
696,2023-05-16,latte
695,2023-05-15,canoe
694,2023-05-14,scarf
693,2023-05-13,acrid
692,2023-05-12,snack
691,2023-05-11,broom
690,2023-05-10,ethic
689,2023-05-09,cocoa
688,2023-05-08,aglow
687,2023-05-07,ghoul
686,2023-05-06,anger
685,2023-05-05,below
684,2023-05-04,guppy
683,2023-05-03,horde
682,2023-05-02,sulky
681,2023-05-01,range
680,2023-04-30,plaza
679,2023-04-29,cedar
678,2023-04-28,circa
677,2023-04-27,logic
676,2023-04-26,metro
675,2023-04-25,joker
674,2023-04-24,ditto
673,2023-04-23,unzip
672,2023-04-22,broke
671,2023-04-21,kayak
670,2023-04-20,plate
669,2023-04-19,thump
668,2023-04-18,hound
667,2023-04-17,whiff
666,2023-04-16,dwelt
665,2023-04-15,agony
664,2023-04-14,thief
663,2023-04-13,carat
662,2023-04-12,borax
661,2023-04-11,qualm
660,2023-04-10,under
659,2023-04-09,snafu
658,2023-04-08,ledge
657,2023-04-07,locus
656,2023-04-06,leafy
655,2023-04-05,smash
654,2023-04-04,ratio
653,2023-04-03,flora
652,2023-04-02,stock
651,2023-04-01,march
650,2023-03-31,every
649,2023-03-30,bread
648,2023-03-29,beset
647,2023-03-28,hurry
646,2023-03-27,guano
645,2023-03-26,untie
644,2023-03-25,voter
643,2023-03-24,grout
642,2023-03-23,staid
641,2023-03-22,duvet
640,2023-03-21,tough
639,2023-03-20,glove
638,2023-03-19,credo
637,2023-03-18,yacht
636,2023-03-17,mealy
635,2023-03-16,cider
634,2023-03-15,sweep
633,2023-03-14,surly
632,2023-03-13,blame
631,2023-03-12,birth
630,2023-03-11,email
629,2023-03-10,revel
628,2023-03-09,where
627,2023-03-08,regal
626,2023-03-07,horse
625,2023-03-06,pinky
624,2023-03-05,toxic
623,2023-03-04,trend
622,2023-03-03,squat
621,2023-03-02,above
620,2023-03-01,moose
619,2023-02-28,polka
618,2023-02-27,worse
617,2023-02-26,syrup
616,2023-02-25,fifty
615,2023-02-24,arbor
614,2023-02-23,vague
613,2023-02-22,riper
612,2023-02-21,ruddy
611,2023-02-20,sweat
610,2023-02-19,kiosk
609,2023-02-18,avail
608,2023-02-17,cache
607,2023-02-16,magic
606,2023-02-15,salsa
605,2023-02-14,sound
604,2023-02-13,usage
603,2023-02-12,giant
602,2023-02-11,debug
601,2023-02-10,heady
600,2023-02-09,stage
599,2023-02-08,flail
598,2023-02-07,apple
597,2023-02-06,ninth
596,2023-02-05,dance
595,2023-02-04,unlit
594,2023-02-03,tasty
593,2023-02-02,shirk
592,2023-02-01,scold
591,2023-01-31,cross
590,2023-01-30,crave
589,2023-01-29,fishy
588,2023-01-28,flirt
587,2023-01-27,worry
586,2023-01-26,beefy
585,2023-01-25,maize
584,2023-01-24,count
583,2023-01-23,elude
582,2023-01-22,matey
581,2023-01-21,blurb
580,2023-01-20,alter
579,2023-01-19,mucky
578,2023-01-18,chard
577,2023-01-17,adopt
576,2023-01-16,frock
575,2023-01-15,spire
574,2023-01-14,koala
573,2023-01-13,human
572,2023-01-12,leapt
571,2023-01-11,sedan
570,2023-01-10,grimy
569,2023-01-09,pixie
568,2023-01-08,opera
567,2023-01-07,lemon
566,2023-01-06,belie
565,2023-01-05,sleek
564,2023-01-04,layer
563,2023-01-03,antic
562,2023-01-02,skirt
561,2023-01-01,whine
560,2022-12-31,manly
559,2022-12-30,molar
558,2022-12-29,havoc
557,2022-12-28,impel
556,2022-12-27,condo
555,2022-12-26,judge
554,2022-12-25,extra
553,2022-12-24,poise
552,2022-12-23,aorta
551,2022-12-22,excel
550,2022-12-21,lunar
549,2022-12-20,third
548,2022-12-19,slate
547,2022-12-18,taper
546,2022-12-17,chord
545,2022-12-16,probe
544,2022-12-15,rival
543,2022-12-14,usual
542,2022-12-13,spoke
541,2022-12-12,apply
540,2022-12-11,naive
539,2022-12-10,knock
538,2022-12-09,braid
537,2022-12-08,infer
536,2022-12-07,joust
535,2022-12-06,amber
534,2022-12-05,woken
533,2022-12-04,adore
532,2022-12-03,torso
531,2022-12-02,chafe
530,2022-12-01,eject
529,2022-11-30,study
528,2022-11-29,undue
527,2022-11-28,tepid
526,2022-11-27,happy
525,2022-11-26,clean
524,2022-11-25,itchy
523,2022-11-24,feast
522,2022-11-23,drive
521,2022-11-22,prime
520,2022-11-21,axiom
519,2022-11-20,brave
518,2022-11-19,avert
517,2022-11-18,glyph
516,2022-11-17,there
515,2022-11-16,baker
514,2022-11-15,snarl
513,2022-11-14,maple
512,2022-11-13,inane
511,2022-11-12,valet
510,2022-11-11,medal
509,2022-11-10,unite
508,2022-11-09,rainy
507,2022-11-08,spell
506,2022-11-07,begin
505,2022-11-06,stale
504,2022-11-05,dream
503,2022-11-04,photo
502,2022-11-03,aloud
501,2022-11-02,inept
500,2022-11-01,piney
499,2022-10-31,aptly
498,2022-10-30,waltz
497,2022-10-29,libel
496,2022-10-28,sneak
495,2022-10-27,carry
494,2022-10-26,flout
493,2022-10-25,foggy
492,2022-10-24,fault
491,2022-10-23,mummy
490,2022-10-22,spiel
489,2022-10-21,grove
488,2022-10-20,denim
487,2022-10-19,quirk
486,2022-10-18,exist
485,2022-10-17,stein
484,2022-10-16,spade
483,2022-10-15,catch
482,2022-10-14,floor
481,2022-10-13,equal
480,2022-10-12,ionic
479,2022-10-11,valid
478,2022-10-10,enjoy
477,2022-10-09,howdy
476,2022-10-08,vigor
475,2022-10-07,dandy
474,2022-10-06,sloth
473,2022-10-05,marsh
472,2022-10-04,bough
471,2022-10-03,sting
470,2022-10-02,twine
469,2022-10-01,leave
468,2022-09-30,scorn
467,2022-09-29,scald
466,2022-09-28,usurp
465,2022-09-27,soggy
464,2022-09-26,brisk
463,2022-09-25,admit
462,2022-09-24,grate
461,2022-09-23,glory
460,2022-09-22,saint
459,2022-09-21,recap
458,2022-09-20,alike
457,2022-09-19,trice
456,2022-09-18,stick
455,2022-09-17,chute
454,2022-09-16,parer
453,2022-09-15,doubt
452,2022-09-14,thyme
451,2022-09-13,alpha
450,2022-09-12,booze
449,2022-09-11,tibia
448,2022-09-10,lofty
447,2022-09-09,theme
446,2022-09-08,class
445,2022-09-07,leery
444,2022-09-06,taunt
443,2022-09-05,whoop
442,2022-09-04,inter
441,2022-09-03,gully
440,2022-09-02,charm
439,2022-09-01,fungi
438,2022-08-31,prize
437,2022-08-30,onset
436,2022-08-29,chief
435,2022-08-28,gauze
434,2022-08-27,ruder
433,2022-08-26,irony
432,2022-08-25,clown
431,2022-08-24,needy
430,2022-08-23,woven
429,2022-08-22,merit
428,2022-08-21,waste
427,2022-08-20,treat
426,2022-08-19,shrug
425,2022-08-18,twang
424,2022-08-17,twice
423,2022-08-16,gruel
422,2022-08-15,poker
421,2022-08-14,khaki
420,2022-08-13,hunky
419,2022-08-12,label
418,2022-08-11,glean
417,2022-08-10,cling
416,2022-08-09,patty
415,2022-08-08,unfit
414,2022-08-07,smear
413,2022-08-06,alien
412,2022-08-05,buggy
411,2022-08-04,rhyme
410,2022-08-03,youth
409,2022-08-02,coyly
408,2022-08-01,quart
407,2022-07-31,cramp
406,2022-07-30,bluff
405,2022-07-29,upset
404,2022-07-28,stomp
403,2022-07-27,motto
402,2022-07-26,cinch
401,2022-07-25,elope
400,2022-07-24,power
399,2022-07-23,midge
398,2022-07-22,tryst
397,2022-07-21,aphid
396,2022-07-20,trite
395,2022-07-19,angry
394,2022-07-18,flock
393,2022-07-17,wacky
392,2022-07-16,roomy
391,2022-07-15,wedge
390,2022-07-14,liver
389,2022-07-13,bland
388,2022-07-12,night
387,2022-07-11,madam
386,2022-07-10,berth
385,2022-07-09,stead
384,2022-07-08,voice
383,2022-07-07,agape
382,2022-07-06,fluff
381,2022-07-05,field
380,2022-07-04,sever
379,2022-07-03,lilac
378,2022-07-02,egret
377,2022-07-01,pinto
376,2022-06-30,hutch
375,2022-06-29,gawky
374,2022-06-28,droll
373,2022-06-27,retro
372,2022-06-26,rusty
371,2022-06-25,beady
370,2022-06-24,smite
369,2022-06-23,brink
368,2022-06-22,awful
367,2022-06-21,gloat
366,2022-06-20,input
365,2022-06-19,loser
364,2022-06-18,cacao
363,2022-06-17,blown
362,2022-06-16,apron
361,2022-06-15,primo
360,2022-06-14,atone
359,2022-06-13,donor
358,2022-06-12,float
357,2022-06-11,goose
356,2022-06-10,piety
355,2022-06-09,girth
354,2022-06-08,trait
353,2022-06-07,flood
352,2022-06-06,gloom
351,2022-06-05,depth
350,2022-06-04,froth
349,2022-06-03,phase
348,2022-06-02,showy
347,2022-06-01,creak
346,2022-05-31,manor
345,2022-05-30,atoll
344,2022-05-29,bayou
343,2022-05-28,crept
342,2022-05-27,tiara
341,2022-05-26,asset
340,2022-05-25,vouch
339,2022-05-24,album
338,2022-05-23,hinge
337,2022-05-22,money
336,2022-05-21,scrap
335,2022-05-20,gamer
334,2022-05-19,glass
333,2022-05-18,scour
332,2022-05-17,being
331,2022-05-16,delve
330,2022-05-15,yield
329,2022-05-14,metal
328,2022-05-13,tipsy
327,2022-05-12,slung
326,2022-05-11,farce
325,2022-05-10,gecko
324,2022-05-09,shine
323,2022-05-08,canny
322,2022-05-07,midst
321,2022-05-06,badge
320,2022-05-05,homer
319,2022-05-04,train
318,2022-05-03,hairy
317,2022-05-02,story
316,2022-05-01,forgo
315,2022-04-30,larva
314,2022-04-29,trash
313,2022-04-28,zesty
312,2022-04-27,shown
311,2022-04-26,heist
310,2022-04-25,askew
309,2022-04-24,inert
308,2022-04-23,olive
307,2022-04-22,plant
306,2022-04-21,oxide
305,2022-04-20,cargo
304,2022-04-19,foyer
303,2022-04-18,flair
302,2022-04-17,ample
301,2022-04-16,cheek
300,2022-04-15,shame
299,2022-04-14,mince
298,2022-04-13,chunk
297,2022-04-12,royal
296,2022-04-11,squad
295,2022-04-10,black
294,2022-04-09,stair
293,2022-04-08,scare
292,2022-04-07,foray
291,2022-04-06,comma
290,2022-04-05,natal
289,2022-04-04,shawl
288,2022-04-03,fewer
287,2022-04-02,trope
286,2022-04-01,snout
285,2022-03-31,lowly
284,2022-03-30,stove
283,2022-03-29,shall
282,2022-03-28,found
281,2022-03-27,nymph
280,2022-03-26,epoxy
279,2022-03-25,depot
278,2022-03-24,chest
277,2022-03-23,purge
276,2022-03-22,slosh
275,2022-03-21,their
274,2022-03-20,renew
273,2022-03-19,allow
272,2022-03-18,saute
271,2022-03-17,movie
270,2022-03-16,cater
269,2022-03-15,tease
268,2022-03-14,smelt
267,2022-03-13,focus
266,2022-03-12,today
265,2022-03-11,watch
264,2022-03-10,lapse
263,2022-03-09,month
262,2022-03-08,sweet
261,2022-03-07,hoard
260,2022-03-06,cloth
259,2022-03-05,brine
258,2022-03-04,ahead
257,2022-03-03,mourn
256,2022-03-02,nasty
255,2022-03-01,rupee
254,2022-02-28,choke
253,2022-02-27,chant
252,2022-02-26,spill
251,2022-02-25,vivid
250,2022-02-24,bloke
249,2022-02-23,trove
248,2022-02-22,thorn
247,2022-02-21,other
246,2022-02-20,tacit
245,2022-02-19,swill
244,2022-02-18,dodge
243,2022-02-17,shake
242,2022-02-16,caulk
241,2022-02-15,aroma
240,2022-02-14,cynic
239,2022-02-13,robin
238,2022-02-12,ultra
237,2022-02-11,ulcer
236,2022-02-10,pause
235,2022-02-09,humor
234,2022-02-08,frame
233,2022-02-07,elder
232,2022-02-06,skill
231,2022-02-05,aloft
230,2022-02-04,pleat
229,2022-02-03,shard
228,2022-02-02,moist
227,2022-02-01,those
226,2022-01-31,light
225,2022-01-30,wrung
224,2022-01-29,could
223,2022-01-28,perky
222,2022-01-27,mount
221,2022-01-26,whack
220,2022-01-25,sugar
219,2022-01-24,knoll
218,2022-01-23,crimp
217,2022-01-22,wince
216,2022-01-21,prick
215,2022-01-20,robot
214,2022-01-19,point
213,2022-01-18,proxy
212,2022-01-17,shire
211,2022-01-16,solar
210,2022-01-15,panic
209,2022-01-14,tangy
208,2022-01-13,abbey
207,2022-01-12,favor
206,2022-01-11,drink
205,2022-01-10,query
204,2022-01-09,gorge
203,2022-01-08,crank
202,2022-01-07,slump
201,2022-01-06,banal
200,2022-01-05,tiger
199,2022-01-04,siege
198,2022-01-03,truss
197,2022-01-02,boost
196,2022-01-01,rebus
195,2021-12-31,unify
194,2021-12-30,troll
193,2021-12-29,tapir
192,2021-12-28,aside
191,2021-12-27,ferry
190,2021-12-26,acute
189,2021-12-25,picky
188,2021-12-24,weary
187,2021-12-23,gripe
186,2021-12-22,craze
185,2021-12-21,pluck
184,2021-12-20,brake
183,2021-12-19,baton
182,2021-12-18,champ
181,2021-12-17,peach
180,2021-12-16,using
179,2021-12-15,trace
178,2021-12-14,vital
177,2021-12-13,sonic
176,2021-12-12,masse
175,2021-12-11,conic
174,2021-12-10,viral
173,2021-12-09,rhino
172,2021-12-08,break
171,2021-12-07,triad
170,2021-12-06,epoch
169,2021-12-05,usher
168,2021-12-04,exult
167,2021-12-03,grime
166,2021-12-02,cheat
165,2021-12-01,solve
164,2021-11-30,bring
163,2021-11-29,prove
162,2021-11-28,store
161,2021-11-27,tilde
160,2021-11-26,clock
159,2021-11-25,wrote
158,2021-11-24,retch
157,2021-11-23,perch
156,2021-11-22,rouge
155,2021-11-21,radio
154,2021-11-20,surer
153,2021-11-19,finer
152,2021-11-18,vodka
151,2021-11-17,heron
150,2021-11-16,chill
149,2021-11-15,gaudy
148,2021-11-14,pithy
147,2021-11-13,smart
146,2021-11-12,badly
145,2021-11-11,rogue
144,2021-11-10,group
143,2021-11-09,fixer
142,2021-11-08,groin
141,2021-11-07,duchy
140,2021-11-06,coast
139,2021-11-05,blurt
138,2021-11-04,pulpy
137,2021-11-03,altar
136,2021-11-02,great
135,2021-11-01,briar
134,2021-10-31,click
133,2021-10-30,gouge
132,2021-10-29,world
131,2021-10-28,erode
130,2021-10-27,boozy
129,2021-10-26,dozen
128,2021-10-25,fling
127,2021-10-24,growl
126,2021-10-23,abyss
125,2021-10-22,steed
124,2021-10-21,enema
123,2021-10-20,jaunt
122,2021-10-19,comet
121,2021-10-18,tweed
120,2021-10-17,pilot
119,2021-10-16,dutch
118,2021-10-15,belch
117,2021-10-14,ought
116,2021-10-13,dowry
115,2021-10-12,thumb
114,2021-10-11,hyper
113,2021-10-10,hatch
112,2021-10-09,alone
111,2021-10-08,motor
110,2021-10-07,aback
109,2021-10-06,guild
108,2021-10-05,kebab
107,2021-10-04,spend
106,2021-10-03,fjord
105,2021-10-02,essay
104,2021-10-01,spray
103,2021-09-30,spicy
102,2021-09-29,agate
101,2021-09-28,salad
100,2021-09-27,basic
99,2021-09-26,moult
98,2021-09-25,corny
97,2021-09-24,forge
96,2021-09-23,civic
95,2021-09-22,islet
94,2021-09-21,labor
93,2021-09-20,gamma
92,2021-09-19,lying
91,2021-09-18,audit
90,2021-09-17,round
89,2021-09-16,loopy
88,2021-09-15,lusty
87,2021-09-14,golem
86,2021-09-13,goner
85,2021-09-12,greet
84,2021-09-11,start
83,2021-09-10,lapel
82,2021-09-09,biome
81,2021-09-08,parry
80,2021-09-07,shrub
79,2021-09-06,front
78,2021-09-05,wooer
77,2021-09-04,totem
76,2021-09-03,flick
75,2021-09-02,delta
74,2021-09-01,bleed
73,2021-08-31,argue
72,2021-08-30,swirl
71,2021-08-29,error
70,2021-08-28,agree
69,2021-08-27,offal
68,2021-08-26,flume
67,2021-08-25,crass
66,2021-08-24,panel
65,2021-08-23,stout
64,2021-08-22,bribe
63,2021-08-21,drain
62,2021-08-20,yearn
61,2021-08-19,print
60,2021-08-18,seedy
59,2021-08-17,ivory
58,2021-08-16,belly
57,2021-08-15,stand
56,2021-08-14,first
55,2021-08-13,forth
54,2021-08-12,booby
53,2021-08-11,flesh
52,2021-08-10,unmet
51,2021-08-09,linen
50,2021-08-08,maxim
49,2021-08-07,pound
48,2021-08-06,mimic
47,2021-08-05,spike
46,2021-08-04,cluck
45,2021-08-03,crate
44,2021-08-02,digit
43,2021-08-01,repay
42,2021-07-31,sower
41,2021-07-30,crazy
40,2021-07-29,adobe
39,2021-07-28,outdo
38,2021-07-27,trawl
37,2021-07-26,whelp
36,2021-07-25,unfed
35,2021-07-24,paper
34,2021-07-23,staff
33,2021-07-22,croak
32,2021-07-21,helix
31,2021-07-20,floss
30,2021-07-19,pride
29,2021-07-18,batty
28,2021-07-17,react
27,2021-07-16,marry
26,2021-07-15,abase
25,2021-07-14,colon
24,2021-07-13,stool
23,2021-07-12,crust
22,2021-07-11,fresh
21,2021-07-10,death
20,2021-07-09,major
19,2021-07-08,feign
18,2021-07-07,abate
17,2021-07-06,bench
16,2021-07-05,quiet
15,2021-07-04,grade
14,2021-07-03,stink
13,2021-07-02,karma
12,2021-07-01,model
11,2021-06-30,dwarf
10,2021-06-29,heath
9,2021-06-28,serve
8,2021-06-27,naval
7,2021-06-26,evade
6,2021-06-25,focal
5,2021-06-24,blush
4,2021-06-23,awake
3,2021-06-22,humph
2,2021-06-21,sissy
1,2021-06-20,rebut
0,2021-06-19,cigar
